{"zh_A1_A2_A3":{"train_losses": [3.6432197093963623, 1.9005482196807861, 3.815718412399292, 3.1515073776245117, 3.2711024284362793, 2.9870259761810303, 3.0835249423980713, 2.957061290740967, 2.951072931289673, 2.848534107208252, 2.818615198135376, 2.7081141471862793, 2.6384763717651367, 2.483419179916382, 2.3444106578826904, 2.14597487449646, 2.06966495513916, 1.9107924699783325, 1.9236863851547241, 1.798750400543213, 1.8158050775527954, 1.7226834297180176, 1.72944974899292, 1.604034185409546, 1.6604783535003662, 1.5923901796340942, 1.615513563156128, 1.5508888959884644, 1.5521202087402344, 1.4890201091766357, 1.484692096710205, 1.4267525672912598, 1.4289836883544922, 1.383175015449524, 1.3875725269317627, 1.320967435836792, 1.3328858613967896, 1.2724025249481201, 1.3227295875549316, 1.228555679321289, 1.3009943962097168, 1.2253785133361816, 1.2592496871948242, 1.1962645053863525, 1.2034332752227783, 1.1605584621429443, 1.1587930917739868, 1.1183340549468994, 1.1194007396697998, 1.0747414827346802, 1.0863399505615234, 1.0442566871643066, 1.0437649488449097, 1.003914713859558, 1.0165268182754517, 0.9701034426689148, 0.9769476056098938, 0.9305070042610168, 0.9534262418746948, 0.898830771446228, 0.9052032232284546, 0.8602083921432495, 0.8762805461883545, 0.8307316899299622, 0.8333313465118408, 0.7901336550712585, 0.7996078729629517, 0.7625128626823425], "test_losses": [3.917720079421997, 4.76287317276001, 3.9446237087249756, 3.5316379070281982, 3.1481308937072754, 2.998964548110962, 2.9218876361846924, 2.8424394130706787, 2.7819719314575195, 2.7261300086975098, 2.664315938949585, 2.5836169719696045, 2.4880998134613037, 2.3649582862854004, 2.231642484664917, 2.1667394638061523, 2.0762155055999756, 2.049478769302368, 1.9974732398986816, 2.030250310897827, 1.9185447692871094, 1.931453824043274, 1.8950092792510986, 2.0087153911590576, 1.811543345451355, 1.809105634689331, 1.7873165607452393, 1.823282241821289, 1.7598191499710083, 1.7467572689056396, 1.735518217086792, 1.7995024919509888, 1.6898112297058105, 1.704474687576294, 1.7049541473388672, 1.8229022026062012, 1.6610143184661865, 1.7159242630004883, 1.6897345781326294, 1.7946693897247314, 1.6677446365356445, 1.6449702978134155, 1.650164246559143, 1.692293405532837, 1.6445177793502808, 1.6294821500778198, 1.613869071006775, 1.6457087993621826, 1.5963211059570312, 1.6135978698730469, 1.5999451875686646, 1.6370775699615479, 1.5671770572662354, 1.5878877639770508, 1.5855720043182373, 1.6396892070770264, 1.556960105895996, 1.5919947624206543, 1.5746228694915771, 1.6190696954727173, 1.5561330318450928, 1.583328366279602, 1.570694088935852, 1.6015663146972656, 1.5512006282806396, 1.5722416639328003, 1.5651648044586182, 1.5868159532546997]}}
