{"train_losses": [2.634120464324951, 2.3362913131713867, 2.520911931991577, 2.341341018676758, 2.349179267883301, 2.268296003341675, 2.263544797897339, 2.210683584213257, 2.1991467475891113, 2.16107439994812, 2.142683506011963, 2.1081016063690186, 2.0992043018341064, 2.070192813873291, 2.056952476501465, 2.0317611694335938, 2.023076057434082, 1.9961854219436646, 1.9922744035720825, 1.96712064743042, 1.9626511335372925, 1.9326233863830566, 1.9375238418579102, 1.9088610410690308, 1.917144775390625, 1.8923218250274658, 1.887974500656128, 1.8693511486053467, 1.8627674579620361, 1.8448398113250732, 1.844051480293274, 1.8243920803070068, 1.8229494094848633, 1.8023266792297363, 1.8020366430282593, 1.7814587354660034, 1.7799016237258911, 1.7583038806915283, 1.7627965211868286, 1.7423251867294312, 1.748509168624878, 1.7209521532058716, 1.7335819005966187, 1.710017442703247, 1.715646743774414, 1.6926602125167847, 1.6982206106185913, 1.677103877067566, 1.6813969612121582, 1.6598751544952393, 1.6624374389648438, 1.6444091796875, 1.6511446237564087, 1.6260370016098022, 1.6412773132324219, 1.6167724132537842, 1.627081036567688, 1.6048290729522705, 1.6063344478607178, 1.5901267528533936, 1.5918223857879639, 1.5703809261322021, 1.575777292251587, 1.5596636533737183, 1.5601248741149902, 1.540112018585205, 1.551978588104248, 1.5302824974060059], "test_losses": [2.4240307807922363, 2.5188355445861816, 2.3944215774536133, 2.3145432472229004, 2.2805023193359375, 2.25515079498291, 2.220852851867676, 2.1979575157165527, 2.1828603744506836, 2.165802001953125, 2.144960641860962, 2.1298584938049316, 2.1152496337890625, 2.1010236740112305, 2.0865089893341064, 2.078533887863159, 2.0759358406066895, 2.0592293739318848, 2.048920154571533, 2.0428969860076904, 2.0438692569732666, 2.0323104858398438, 2.020817995071411, 2.006117820739746, 2.000223159790039, 1.988869071006775, 1.9754568338394165, 1.9691033363342285, 1.9579676389694214, 1.9518232345581055, 1.9420686960220337, 1.9379324913024902, 1.9287852048873901, 1.9270566701889038, 1.9197880029678345, 1.912448763847351, 1.9059176445007324, 1.9100377559661865, 1.8970611095428467, 1.8939323425292969, 1.8794008493423462, 1.8816430568695068, 1.8717119693756104, 1.865981101989746, 1.858720302581787, 1.8535981178283691, 1.8465218544006348, 1.842423677444458, 1.8293064832687378, 1.842381477355957, 1.8207975625991821, 1.828168272972107, 1.806148648262024, 1.820921778678894, 1.8025728464126587, 1.803309679031372, 1.7938721179962158, 1.7900580167770386, 1.7784498929977417, 1.778994083404541, 1.768280029296875, 1.775406837463379, 1.7632991075515747, 1.7664525508880615, 1.7540968656539917, 1.7570202350616455, 1.7431191205978394, 1.7512915134429932]}