{"train_losses": [3.1806800365448, 2.911673069000244, 3.017272472381592, 2.87528395652771, 2.893376350402832, 2.772465467453003, 2.7173843383789062, 2.43740177154541, 2.2288053035736084, 1.8845523595809937, 1.887524127960205, 1.701364278793335, 1.7977927923202515, 1.6098946332931519, 1.6466104984283447, 1.5117120742797852, 1.5618987083435059, 1.4484477043151855, 1.4798343181610107, 1.3607497215270996, 1.3831000328063965, 1.2919058799743652, 1.3183904886245728, 1.2323753833770752, 1.2311160564422607, 1.1663326025009155, 1.1724371910095215, 1.1025912761688232, 1.094911813735962, 1.035311222076416, 1.0385197401046753, 0.9833825826644897, 0.9690144658088684, 0.9199034571647644, 0.929987370967865, 0.873938262462616, 0.8744009137153625, 0.8233656883239746, 0.8617011904716492, 0.7933627367019653, 0.7900516986846924, 0.7403846979141235, 0.7545379400253296, 0.7138525247573853, 0.6936195492744446, 0.6626094579696655, 0.6619127988815308, 0.6372545957565308, 0.607566237449646, 0.5857625007629395, 0.5790517330169678, 0.5551759600639343, 0.5328519344329834, 0.5152926445007324, 0.5041922330856323, 0.4879242479801178, 0.47073307633399963, 0.4502667784690857, 0.43718060851097107, 0.42350488901138306, 0.42040109634399414, 0.40415820479393005, 0.3856887221336365, 0.36628299951553345, 0.3517405092716217, 0.33956751227378845, 0.3297763466835022, 0.31752175092697144], "test_losses": [3.0521841049194336, 3.090115785598755, 2.932183027267456, 2.862950325012207, 2.7915573120117188, 2.7274839878082275, 2.622850179672241, 2.490978240966797, 2.2500147819519043, 2.302481174468994, 2.0687711238861084, 2.0558035373687744, 1.9706239700317383, 2.0101754665374756, 1.8733932971954346, 1.8724887371063232, 1.7940093278884888, 1.8077629804611206, 1.7639179229736328, 1.7569557428359985, 1.6741020679473877, 1.6837486028671265, 1.660161018371582, 1.6553452014923096, 1.5857787132263184, 1.5815390348434448, 1.5648506879806519, 1.5727601051330566, 1.5280479192733765, 1.5472984313964844, 1.508875846862793, 1.5167640447616577, 1.4867042303085327, 1.5493413209915161, 1.4772700071334839, 1.4981582164764404, 1.4681731462478638, 1.533657431602478, 1.4697768688201904, 1.4620192050933838, 1.4366599321365356, 1.4912893772125244, 1.4508600234985352, 1.445023536682129, 1.4276350736618042, 1.469273328781128, 1.445669174194336, 1.4402159452438354, 1.4268138408660889, 1.463983178138733, 1.4405306577682495, 1.4452903270721436, 1.4506871700286865, 1.4760046005249023, 1.4604283571243286, 1.4737883806228638, 1.4742114543914795, 1.5014886856079102, 1.4744840860366821, 1.4916870594024658, 1.5071967840194702, 1.4906600713729858, 1.4741051197052002, 1.4942165613174438, 1.5180655717849731, 1.5158398151397705, 1.517845869064331, 1.5400891304016113]}