{"train_losses": [3.3703432083129883, 3.256463050842285, 3.256631851196289, 3.219348430633545, 3.1920881271362305, 3.168018341064453, 3.149212598800659, 3.130821466445923, 3.1174111366271973, 3.0987415313720703, 3.090517044067383, 3.0743930339813232, 3.0653655529022217, 3.0534512996673584, 3.0442190170288086, 3.0374088287353516, 3.025993824005127, 3.016326904296875, 3.0075178146362305, 3.0042247772216797, 2.9972214698791504, 2.9913582801818848, 2.983288526535034, 2.975827693939209, 2.972020387649536, 2.9697012901306152, 2.9610776901245117, 2.958134174346924, 2.9529833793640137, 2.9490890502929688, 2.946199655532837, 2.9407784938812256, 2.935210704803467, 2.9322052001953125, 2.9290568828582764, 2.9266319274902344, 2.919804334640503, 2.9174063205718994, 2.9129750728607178, 2.9105172157287598, 2.9094667434692383, 2.907034158706665, 2.902397871017456, 2.8975753784179688, 2.9013285636901855, 2.8953611850738525, 2.892939329147339, 2.888678550720215, 2.8870906829833984, 2.8863182067871094, 2.881808042526245, 2.8813464641571045, 2.8806405067443848, 2.876450300216675, 2.8734054565429688, 2.8734593391418457, 2.8699584007263184, 2.8697052001953125, 2.8671298027038574, 2.8647241592407227, 2.8637099266052246, 2.861809253692627, 2.861625909805298, 2.859327793121338, 2.855107545852661, 2.8578763008117676, 2.8519649505615234, 2.851693868637085], "test_losses": [3.385715961456299, 3.3059372901916504, 3.266740322113037, 3.241065740585327, 3.22218918800354, 3.207803249359131, 3.195692539215088, 3.1857898235321045, 3.176795482635498, 3.1682703495025635, 3.1606342792510986, 3.1543800830841064, 3.1483607292175293, 3.143279790878296, 3.138993263244629, 3.1345744132995605, 3.130683422088623, 3.127472400665283, 3.124070882797241, 3.121171236038208, 3.1182098388671875, 3.115694999694824, 3.113485813140869, 3.1115307807922363, 3.109642744064331, 3.1074299812316895, 3.1059377193450928, 3.103903293609619, 3.101874351501465, 3.1011962890625, 3.0995192527770996, 3.098764181137085, 3.096855401992798, 3.0957841873168945, 3.0948026180267334, 3.093442916870117, 3.0923500061035156, 3.0916645526885986, 3.0905091762542725, 3.0901150703430176, 3.088705539703369, 3.0877466201782227, 3.087764024734497, 3.086655616760254, 3.0865895748138428, 3.085357666015625, 3.0856070518493652, 3.0847082138061523, 3.0843942165374756, 3.0843050479888916, 3.083407402038574, 3.083249092102051, 3.082927703857422, 3.082252264022827, 3.0815963745117188, 3.081665515899658, 3.081071615219116, 3.080777883529663, 3.080132484436035, 3.0802114009857178, 3.080030679702759, 3.079622507095337, 3.0796239376068115, 3.0795249938964844, 3.0792362689971924, 3.0790247917175293, 3.07901668548584, 3.078880786895752]}