{"train_losses": [2.581089496612549, 2.366267681121826, 2.3875575065612793, 2.2625770568847656, 2.250704050064087, 2.163555860519409, 2.182276725769043, 2.131556272506714, 2.121159076690674, 2.081584930419922, 2.0615074634552, 2.028742551803589, 2.0147533416748047, 1.9866526126861572, 1.972982406616211, 1.9472649097442627, 1.9311684370040894, 1.9110331535339355, 1.8974277973175049, 1.8757270574569702, 1.8707497119903564, 1.8485630750656128, 1.8407738208770752, 1.8182215690612793, 1.8131213188171387, 1.7909716367721558, 1.794761300086975, 1.7675673961639404, 1.7706637382507324, 1.7494440078735352, 1.7488421201705933, 1.7240713834762573, 1.7211456298828125, 1.7012436389923096, 1.6994638442993164, 1.6777887344360352, 1.6734790802001953, 1.6532402038574219, 1.6534909009933472, 1.6295490264892578, 1.6324042081832886, 1.607516884803772, 1.6172460317611694, 1.5887075662612915, 1.5949549674987793, 1.5663355588912964, 1.5771474838256836, 1.5515564680099487, 1.5570759773254395, 1.53687584400177, 1.536731481552124, 1.5180134773254395, 1.5179476737976074, 1.5000300407409668, 1.496405839920044, 1.4806935787200928, 1.476775050163269, 1.4576706886291504, 1.4661544561386108, 1.4435465335845947, 1.45308256149292, 1.4239121675491333, 1.4322339296340942, 1.4159703254699707, 1.4176157712936401, 1.405527114868164, 1.4065841436386108, 1.3885118961334229], "test_losses": [2.3597633838653564, 2.409806728363037, 2.2617175579071045, 2.2209668159484863, 2.2141740322113037, 2.208225727081299, 2.131685972213745, 2.112159252166748, 2.0863308906555176, 2.0684351921081543, 2.043410301208496, 2.030667304992676, 2.0092613697052, 1.99653959274292, 1.9829798936843872, 1.971472978591919, 1.956725001335144, 1.947404146194458, 1.931627631187439, 1.9265854358673096, 1.9102212190628052, 1.900453805923462, 1.8940647840499878, 1.8935195207595825, 1.871901273727417, 1.8624415397644043, 1.8526489734649658, 1.8488656282424927, 1.832026720046997, 1.819309115409851, 1.8050543069839478, 1.808282732963562, 1.7884154319763184, 1.7810579538345337, 1.780025601387024, 1.7820969820022583, 1.7528955936431885, 1.7486557960510254, 1.7467350959777832, 1.7492525577545166, 1.720766544342041, 1.7179343700408936, 1.70993173122406, 1.7204551696777344, 1.6956945657730103, 1.6928788423538208, 1.6785939931869507, 1.682701587677002, 1.6651558876037598, 1.6536202430725098, 1.6460891962051392, 1.6392054557800293, 1.620699405670166, 1.6211113929748535, 1.6124746799468994, 1.6099650859832764, 1.5979945659637451, 1.6032962799072266, 1.5994346141815186, 1.5929007530212402, 1.5769875049591064, 1.5779377222061157, 1.5704807043075562, 1.5775039196014404, 1.5649293661117554, 1.567224383354187, 1.5474224090576172, 1.5622023344039917]}