{"train_losses": [3.4917478561401367, 2.2221879959106445, 3.6621756553649902, 3.0780415534973145, 3.2039570808410645, 2.981889009475708, 3.02323842048645, 2.9156131744384766, 2.8951969146728516, 2.7830214500427246, 2.741264581680298, 2.6032066345214844, 2.4763715267181396, 2.20505690574646, 2.0293359756469727, 1.8021858930587769, 1.759476900100708, 1.6111648082733154, 1.621281385421753, 1.478973388671875, 1.5011024475097656, 1.3949453830718994, 1.3998205661773682, 1.318183422088623, 1.316985011100769, 1.252070426940918, 1.239814281463623, 1.1813549995422363, 1.1782617568969727, 1.1274977922439575, 1.1216250658035278, 1.0747891664505005, 1.0822498798370361, 1.031303882598877, 1.0276497602462769, 0.9901052117347717, 0.9833163619041443, 0.9477574825286865, 0.9333169460296631, 0.9024026989936829, 0.8877313733100891, 0.8579335808753967, 0.842833399772644, 0.8199424743652344, 0.7956556677818298, 0.7699519991874695, 0.7512416839599609, 0.7285463809967041, 0.7051454782485962, 0.6814014315605164, 0.6637242436408997, 0.6396670937538147, 0.6259152889251709, 0.5996556878089905, 0.5834475159645081, 0.5611039400100708, 0.5465635657310486, 0.525465726852417, 0.5097644329071045, 0.49014604091644287, 0.47712305188179016, 0.467776894569397, 0.4617837369441986, 0.4271217882633209, 0.41395673155784607, 0.39845848083496094, 0.39283621311187744, 0.37478581070899963], "test_losses": [3.9090962409973145, 5.023306369781494, 3.7913832664489746, 3.3607747554779053, 3.101174831390381, 2.955432415008545, 2.878509998321533, 2.8113338947296143, 2.7455248832702637, 2.6773507595062256, 2.5954861640930176, 2.4804344177246094, 2.3280885219573975, 2.1394708156585693, 1.999127745628357, 1.9133880138397217, 1.818810224533081, 1.8041644096374512, 1.7064507007598877, 1.7060024738311768, 1.6381086111068726, 1.616076946258545, 1.558499813079834, 1.5444145202636719, 1.5121467113494873, 1.515232801437378, 1.470590353012085, 1.4722051620483398, 1.4404149055480957, 1.4665712118148804, 1.4274863004684448, 1.4216053485870361, 1.384462833404541, 1.3993638753890991, 1.3804577589035034, 1.3737537860870361, 1.3504407405853271, 1.358162522315979, 1.3360426425933838, 1.3340660333633423, 1.319433331489563, 1.3301966190338135, 1.308565378189087, 1.316957950592041, 1.3070008754730225, 1.316839575767517, 1.3015587329864502, 1.3114254474639893, 1.3064008951187134, 1.3152179718017578, 1.2921185493469238, 1.30852210521698, 1.2973281145095825, 1.3157556056976318, 1.2989258766174316, 1.3073253631591797, 1.3022117614746094, 1.310183048248291, 1.2948532104492188, 1.310550570487976, 1.3124659061431885, 1.332838535308838, 1.3189690113067627, 1.3256115913391113, 1.311450481414795, 1.3343117237091064, 1.327621579170227, 1.3438093662261963]}