{"train_losses": [2.946016788482666, 2.829075336456299, 2.824416399002075, 2.513681173324585, 2.7973694801330566, 2.4641575813293457, 2.323673963546753, 1.9975357055664062, 1.8714100122451782, 1.7438479661941528, 1.7856961488723755, 1.5839102268218994, 1.6410852670669556, 1.524118185043335, 1.5503513813018799, 1.436091661453247, 1.4834833145141602, 1.399156093597412, 1.3853793144226074, 1.3157572746276855, 1.3055708408355713, 1.2430789470672607, 1.228938102722168, 1.1732428073883057, 1.1524689197540283, 1.0770353078842163, 1.0868561267852783, 1.0378435850143433, 1.0252526998519897, 0.9583435654640198, 0.9762834906578064, 0.9385725259780884, 0.8923618793487549, 0.8479105830192566, 0.8685150146484375, 0.8374934196472168, 0.7680299878120422, 0.7520406246185303, 0.7615905404090881, 0.7381720542907715, 0.7012012600898743, 0.6723928451538086, 0.6814985871315002, 0.6479997038841248, 0.6396263837814331, 0.6087738871574402, 0.6106088161468506, 0.5843126773834229, 0.5666683316230774, 0.5436395406723022, 0.5408057570457458, 0.5299926996231079, 0.5051378607749939, 0.48796048760414124, 0.482954740524292, 0.47296303510665894, 0.4597913324832916, 0.44502145051956177, 0.43236076831817627, 0.4244505763053894, 0.4072045087814331, 0.3975331485271454, 0.3825607895851135, 0.3788038492202759, 0.36249130964279175, 0.35563331842422485, 0.34844905138015747, 0.33668190240859985], "test_losses": [2.8849353790283203, 2.932100296020508, 2.8679425716400146, 3.1333627700805664, 2.716069221496582, 2.516873598098755, 2.2865328788757324, 2.411057472229004, 2.0637478828430176, 2.090137481689453, 1.9064648151397705, 1.985209584236145, 1.7878776788711548, 1.8574103116989136, 1.7419085502624512, 1.7401337623596191, 1.6483736038208008, 1.6399333477020264, 1.6240079402923584, 1.6001057624816895, 1.5616552829742432, 1.5487207174301147, 1.5273914337158203, 1.506697416305542, 1.4707814455032349, 1.51708984375, 1.4769513607025146, 1.448876976966858, 1.4293076992034912, 1.485260009765625, 1.429915189743042, 1.4241997003555298, 1.3989018201828003, 1.4333817958831787, 1.3921523094177246, 1.4098564386367798, 1.3883744478225708, 1.4019415378570557, 1.3538392782211304, 1.3889198303222656, 1.3755117654800415, 1.372751235961914, 1.321364402770996, 1.3503260612487793, 1.3547078371047974, 1.3439363241195679, 1.318665623664856, 1.326924204826355, 1.3233506679534912, 1.3191912174224854, 1.3103888034820557, 1.3154762983322144, 1.323668122291565, 1.3135473728179932, 1.3072848320007324, 1.317208170890808, 1.3219611644744873, 1.3117735385894775, 1.3170818090438843, 1.3094860315322876, 1.3116402626037598, 1.3089947700500488, 1.3144065141677856, 1.3287396430969238, 1.321305513381958, 1.3281452655792236, 1.3237109184265137, 1.329404354095459]}