{"train_losses": [3.013216495513916, 2.847822666168213, 3.007073402404785, 2.7945327758789062, 2.894728899002075, 2.7143030166625977, 2.6621956825256348, 2.3846607208251953, 2.3270838260650635, 1.9465632438659668, 1.9394917488098145, 1.7552902698516846, 1.8156745433807373, 1.664659857749939, 1.6712009906768799, 1.565921664237976, 1.5546910762786865, 1.4645934104919434, 1.4829511642456055, 1.4070982933044434, 1.4032673835754395, 1.3395569324493408, 1.3330045938491821, 1.2812955379486084, 1.268538475036621, 1.223771333694458, 1.2044780254364014, 1.163240909576416, 1.1460134983062744, 1.1051146984100342, 1.0846984386444092, 1.0449137687683105, 1.024159550666809, 0.9826913475990295, 0.9710907936096191, 0.9231464862823486, 0.9336568713188171, 0.8800255656242371, 0.8706724047660828, 0.8112907409667969, 0.8578187823295593, 0.8052454590797424, 0.7654654383659363, 0.7134742140769958, 0.7572189569473267, 0.7121017575263977, 0.6632297039031982, 0.624402642250061, 0.6530932784080505, 0.6256715655326843, 0.5724219679832458, 0.5404543876647949, 0.5654062032699585, 0.5358280539512634, 0.4929221272468567, 0.4637923240661621, 0.4831168055534363, 0.4572906494140625, 0.42172741889953613, 0.4001089930534363, 0.40623095631599426, 0.38427841663360596, 0.3550916314125061, 0.3401927947998047, 0.3305602967739105, 0.31570568680763245, 0.29730501770973206, 0.28207844495773315], "test_losses": [2.9592831134796143, 3.0189037322998047, 2.9118432998657227, 2.9194421768188477, 2.7878875732421875, 2.6917355060577393, 2.5577754974365234, 2.473938226699829, 2.225527286529541, 2.0965676307678223, 1.9951001405715942, 1.909294605255127, 1.8539702892303467, 1.8040300607681274, 1.747355580329895, 1.7412588596343994, 1.693261981010437, 1.6703627109527588, 1.6316803693771362, 1.6397159099578857, 1.6111735105514526, 1.5958553552627563, 1.585157036781311, 1.5844757556915283, 1.5703301429748535, 1.5496007204055786, 1.538163423538208, 1.5422545671463013, 1.5220668315887451, 1.513433575630188, 1.5165026187896729, 1.5373446941375732, 1.4951375722885132, 1.489567756652832, 1.5236667394638062, 1.5647298097610474, 1.4773330688476562, 1.4715617895126343, 1.5208423137664795, 1.5524723529815674, 1.459212303161621, 1.4524062871932983, 1.4816181659698486, 1.5083802938461304, 1.4463506937026978, 1.4479225873947144, 1.468611478805542, 1.4723069667816162, 1.4331073760986328, 1.463627576828003, 1.48215651512146, 1.467393398284912, 1.4471263885498047, 1.4890244007110596, 1.4863463640213013, 1.4815731048583984, 1.4744137525558472, 1.5055128335952759, 1.4903972148895264, 1.499601125717163, 1.50481379032135, 1.5273096561431885, 1.5258651971817017, 1.5164684057235718, 1.5370032787322998, 1.5585895776748657, 1.568976640701294, 1.5777324438095093]}