{"train_losses": [3.1350772380828857, 2.89033579826355, 2.9788455963134766, 2.8194520473480225, 2.8654847145080566, 2.735511541366577, 2.6145331859588623, 2.235574245452881, 2.0164804458618164, 1.6353495121002197, 1.6695647239685059, 1.4778318405151367, 1.5587102174758911, 1.376204013824463, 1.4005522727966309, 1.2579580545425415, 1.2969049215316772, 1.1964080333709717, 1.2116888761520386, 1.1135705709457397, 1.1043977737426758, 1.0352197885513306, 1.0148959159851074, 0.9630743265151978, 0.9328210949897766, 0.8804499506950378, 0.8560376167297363, 0.8178144693374634, 0.7931255102157593, 0.7562281489372253, 0.7336125373840332, 0.699701189994812, 0.684135913848877, 0.655113697052002, 0.6357108950614929, 0.6045687198638916, 0.5942841172218323, 0.5664422512054443, 0.5489981770515442, 0.5330221652984619, 0.521450400352478, 0.5012157559394836, 0.4793822467327118, 0.4639630913734436, 0.45318877696990967, 0.4341040849685669, 0.41883933544158936, 0.4019862413406372, 0.39217886328697205, 0.3792046308517456, 0.3662784695625305, 0.35273608565330505, 0.3426681160926819, 0.3319208025932312, 0.3211967945098877, 0.3053027391433716, 0.30452144145965576, 0.2862260043621063, 0.27694013714790344, 0.2711189091205597, 0.2579992115497589, 0.2541029453277588, 0.24403291940689087, 0.2340095192193985, 0.22673654556274414, 0.22278821468353271, 0.21709850430488586, 0.2092016041278839], "test_losses": [3.0111167430877686, 3.1666994094848633, 2.8933756351470947, 2.836789846420288, 2.7561676502227783, 2.6660609245300293, 2.580212116241455, 2.3909754753112793, 2.102677583694458, 2.022095203399658, 1.8326581716537476, 1.8223400115966797, 1.7055654525756836, 1.7067333459854126, 1.5987542867660522, 1.5718271732330322, 1.4938182830810547, 1.5037928819656372, 1.462662696838379, 1.4186036586761475, 1.3764171600341797, 1.3600170612335205, 1.3436741828918457, 1.3090944290161133, 1.2880041599273682, 1.2763724327087402, 1.2674145698547363, 1.2592134475708008, 1.2541016340255737, 1.2368109226226807, 1.2353684902191162, 1.2191317081451416, 1.219083309173584, 1.2237972021102905, 1.2165751457214355, 1.2033905982971191, 1.203402042388916, 1.2066669464111328, 1.1955265998840332, 1.1940085887908936, 1.201568841934204, 1.2144908905029297, 1.1992567777633667, 1.1939308643341064, 1.2000164985656738, 1.2065790891647339, 1.2081265449523926, 1.1971616744995117, 1.2002248764038086, 1.2120839357376099, 1.2098414897918701, 1.2153979539871216, 1.2140388488769531, 1.2180180549621582, 1.224942684173584, 1.2332067489624023, 1.231916069984436, 1.2278562784194946, 1.2404661178588867, 1.2473398447036743, 1.2541662454605103, 1.2364495992660522, 1.2402476072311401, 1.253950595855713, 1.251951813697815, 1.258654236793518, 1.2580184936523438, 1.2644888162612915]}