{"train_losses": [2.5802671909332275, 2.3022749423980713, 2.5066304206848145, 2.3635244369506836, 2.3588051795959473, 2.2829442024230957, 2.273484706878662, 2.2197725772857666, 2.189906358718872, 2.1540369987487793, 2.126713275909424, 2.0971298217773438, 2.077636957168579, 2.0515613555908203, 2.0328524112701416, 2.009683847427368, 1.9955637454986572, 1.9741613864898682, 1.9598846435546875, 1.9405361413955688, 1.9257469177246094, 1.913010835647583, 1.9010308980941772, 1.884187936782837, 1.868261456489563, 1.8534460067749023, 1.8441689014434814, 1.8294223546981812, 1.819669246673584, 1.804764747619629, 1.80637526512146, 1.7844531536102295, 1.7895359992980957, 1.7658144235610962, 1.7648426294326782, 1.7458575963974, 1.7419990301132202, 1.729272723197937, 1.727575421333313, 1.7100366353988647, 1.7092230319976807, 1.6904184818267822, 1.6954163312911987, 1.67989182472229, 1.679983377456665, 1.6634314060211182, 1.6639792919158936, 1.6490046977996826, 1.6488468647003174, 1.6301313638687134, 1.6421058177947998, 1.6177687644958496, 1.6279754638671875, 1.6046125888824463, 1.6214933395385742, 1.5900390148162842, 1.6117241382598877, 1.5829893350601196, 1.5976202487945557, 1.5738571882247925, 1.5888688564300537, 1.5655090808868408, 1.56670081615448, 1.55199134349823, 1.555650234222412, 1.5440256595611572, 1.543067216873169, 1.527266025543213], "test_losses": [2.743269920349121, 2.5691776275634766, 2.46907377243042, 2.438760995864868, 2.3438339233398438, 2.3029017448425293, 2.275456190109253, 2.2428314685821533, 2.216066837310791, 2.1985702514648438, 2.1814489364624023, 2.168138027191162, 2.1546237468719482, 2.143932580947876, 2.132573127746582, 2.125361919403076, 2.116325855255127, 2.1108601093292236, 2.1034469604492188, 2.102327823638916, 2.090841054916382, 2.086409568786621, 2.0851340293884277, 2.090944528579712, 2.077955722808838, 2.081049680709839, 2.0787770748138428, 2.0958540439605713, 2.0723912715911865, 2.0781421661376953, 2.0840001106262207, 2.088413953781128, 2.0695321559906006, 2.0714609622955322, 2.0821030139923096, 2.085545301437378, 2.070460081100464, 2.072934150695801, 2.0716567039489746, 2.084048271179199, 2.062770128250122, 2.0744965076446533, 2.0759356021881104, 2.0868303775787354, 2.064140796661377, 2.07554292678833, 2.080256462097168, 2.10259747505188, 2.064638376235962, 2.0828099250793457, 2.076713800430298, 2.098877429962158, 2.0678915977478027, 2.091726779937744, 2.087296485900879, 2.1040897369384766, 2.077960252761841, 2.0835089683532715, 2.0942351818084717, 2.1100027561187744, 2.087122917175293, 2.0860698223114014, 2.090914249420166, 2.107006788253784, 2.0844130516052246, 2.0873708724975586, 2.0908403396606445, 2.1164026260375977]}