{"train_losses": [2.3349692821502686, 2.2130417823791504, 2.32926607131958, 2.224557399749756, 2.282170295715332, 2.2423720359802246, 2.240363836288452, 2.212310552597046, 2.2123727798461914, 2.1891767978668213, 2.18949031829834, 2.1711719036102295, 2.1669983863830566, 2.1511952877044678, 2.147263288497925, 2.1326591968536377, 2.1321523189544678, 2.117682456970215, 2.12046480178833, 2.107145071029663, 2.106421709060669, 2.0941619873046875, 2.0985167026519775, 2.0812432765960693, 2.0886809825897217, 2.07004976272583, 2.083191156387329, 2.062893867492676, 2.0678153038024902, 2.051896572113037, 2.059938669204712, 2.041736602783203, 2.051352024078369, 2.0359058380126953, 2.043389081954956, 2.0292186737060547, 2.033997058868408, 2.0173802375793457, 2.023766279220581, 2.0101006031036377, 2.021007537841797, 1.9977365732192993, 2.013434648513794, 1.9974911212921143, 2.0038933753967285, 1.9917583465576172, 1.9993911981582642, 1.9807307720184326, 1.9916462898254395, 1.9712258577346802, 1.9914182424545288, 1.9695837497711182, 1.983400583267212, 1.9632554054260254, 1.982683777809143, 1.9575207233428955, 1.9740628004074097, 1.95274019241333, 1.9776651859283447, 1.9474647045135498, 1.9667763710021973, 1.9471675157546997, 1.9659898281097412, 1.9377954006195068, 1.961143136024475, 1.9381033182144165, 1.9486218690872192, 1.932829737663269], "test_losses": [2.474885940551758, 2.537790298461914, 2.4304447174072266, 2.4053077697753906, 2.374569892883301, 2.3550539016723633, 2.3421592712402344, 2.3358089923858643, 2.320538282394409, 2.3126144409179688, 2.309142589569092, 2.303628444671631, 2.2915689945220947, 2.289970636367798, 2.2979955673217773, 2.297560691833496, 2.2824058532714844, 2.287348508834839, 2.293400526046753, 2.298168659210205, 2.2769033908843994, 2.287583827972412, 2.2862424850463867, 2.297917366027832, 2.2760868072509766, 2.284044027328491, 2.288088321685791, 2.288767099380493, 2.270494222640991, 2.277845859527588, 2.28654146194458, 2.2838714122772217, 2.2694857120513916, 2.277540922164917, 2.2720725536346436, 2.2828924655914307, 2.268540382385254, 2.28625750541687, 2.2712697982788086, 2.289320468902588, 2.268728494644165, 2.283156394958496, 2.2768280506134033, 2.288403034210205, 2.266244888305664, 2.2822327613830566, 2.2799389362335205, 2.305328130722046, 2.2740590572357178, 2.288003444671631, 2.2888455390930176, 2.3107504844665527, 2.2741129398345947, 2.2943813800811768, 2.2930908203125, 2.321868658065796, 2.275972843170166, 2.2988293170928955, 2.2959258556365967, 2.3102684020996094, 2.2787318229675293, 2.2971854209899902, 2.293675422668457, 2.3103580474853516, 2.276271343231201, 2.294793128967285, 2.2949695587158203, 2.3118221759796143]}