{"train_losses": [2.82064151763916, 2.7207233905792236, 2.7076210975646973, 2.6724722385406494, 2.649214267730713, 2.6275296211242676, 2.607919692993164, 2.588034152984619, 2.573864698410034, 2.5627408027648926, 2.5473439693450928, 2.5360913276672363, 2.528069257736206, 2.5183372497558594, 2.5104928016662598, 2.5042057037353516, 2.491608142852783, 2.4872236251831055, 2.478635549545288, 2.4727344512939453, 2.465576648712158, 2.4624884128570557, 2.4561002254486084, 2.4520270824432373, 2.445939779281616, 2.439988374710083, 2.437455654144287, 2.432098627090454, 2.4280593395233154, 2.424849033355713, 2.421550989151001, 2.4177660942077637, 2.414224147796631, 2.4080700874328613, 2.4050326347351074, 2.4038493633270264, 2.3986499309539795, 2.395995855331421, 2.396069288253784, 2.3929672241210938, 2.3885233402252197, 2.3861098289489746, 2.385068893432617, 2.380019187927246, 2.378612995147705, 2.377161979675293, 2.37703800201416, 2.37315034866333, 2.3711395263671875, 2.3702282905578613, 2.3650898933410645, 2.3631322383880615, 2.3625760078430176, 2.361464262008667, 2.3589301109313965, 2.3546323776245117, 2.3557658195495605, 2.3550944328308105, 2.3510122299194336, 2.352149248123169, 2.352982521057129, 2.3488755226135254, 2.345367431640625, 2.3478810787200928, 2.3469934463500977, 2.3431553840637207, 2.3419175148010254, 2.339625120162964], "test_losses": [2.758843421936035, 2.658888101577759, 2.61706805229187, 2.5938217639923096, 2.5770316123962402, 2.562905788421631, 2.551013231277466, 2.5416548252105713, 2.5339250564575195, 2.5271975994110107, 2.521946668624878, 2.517512321472168, 2.5136373043060303, 2.5097665786743164, 2.506121873855591, 2.5033838748931885, 2.5004186630249023, 2.4978227615356445, 2.495405673980713, 2.4928903579711914, 2.4906270503997803, 2.4885058403015137, 2.486424684524536, 2.4849581718444824, 2.483515739440918, 2.481990337371826, 2.4806010723114014, 2.479278802871704, 2.4783105850219727, 2.4771151542663574, 2.476346492767334, 2.4755859375, 2.4739322662353516, 2.472963809967041, 2.471771240234375, 2.47135066986084, 2.470384359359741, 2.4695000648498535, 2.469071626663208, 2.468106985092163, 2.467630386352539, 2.467252254486084, 2.466876983642578, 2.466060161590576, 2.4659104347229004, 2.4651920795440674, 2.4650378227233887, 2.464911937713623, 2.464289903640747, 2.463959217071533, 2.4635305404663086, 2.4636154174804688, 2.463441848754883, 2.4632487297058105, 2.4631059169769287, 2.4630303382873535, 2.4630823135375977, 2.46304988861084, 2.463137626647949, 2.462681770324707, 2.4627623558044434, 2.4627268314361572, 2.4622206687927246, 2.4624900817871094, 2.4623217582702637, 2.462231397628784, 2.4618115425109863, 2.4618735313415527]}