{"train_losses": [2.957876443862915, 2.7461133003234863, 2.815129518508911, 2.4843544960021973, 2.3452258110046387, 1.7265193462371826, 1.4337159395217896, 1.1805496215820312, 1.0910749435424805, 0.9492519497871399, 0.9396144151687622, 0.8394447565078735, 0.8069595098495483, 0.7402777671813965, 0.7229068279266357, 0.6673492193222046, 0.6511943340301514, 0.6075906753540039, 0.5915865898132324, 0.5518434047698975, 0.5383375287055969, 0.506485104560852, 0.49082356691360474, 0.46388962864875793, 0.447160005569458, 0.4238257110118866, 0.4084327220916748, 0.39037343859672546, 0.3716238737106323, 0.3553869426250458, 0.34142938256263733, 0.3260453939437866, 0.31041666865348816, 0.2972792088985443, 0.2842424809932709, 0.27179986238479614, 0.257668137550354, 0.24600759148597717, 0.23642581701278687, 0.22603917121887207, 0.21382704377174377, 0.2032974809408188, 0.1955544501543045, 0.18600183725357056, 0.17698225378990173, 0.16724291443824768, 0.16147875785827637, 0.15199093520641327, 0.1434338241815567, 0.13601304590702057, 0.13022346794605255, 0.1253398060798645, 0.11899714916944504, 0.11327342689037323, 0.10825283825397491, 0.1020689457654953, 0.10031124949455261, 0.09687401354312897, 0.09227209538221359, 0.0874258279800415, 0.08568020164966583, 0.08208812773227692, 0.0770021304488182, 0.0749032273888588, 0.07433531433343887, 0.06942842900753021, 0.06525168567895889, 0.06433887034654617], "test_losses": [2.7845633029937744, 2.6982548236846924, 2.5387914180755615, 2.345719814300537, 1.9989097118377686, 1.503438115119934, 1.3064113855361938, 1.164589762687683, 1.0250006914138794, 0.9668292999267578, 0.8943514823913574, 0.8725822567939758, 0.8041021823883057, 0.790697455406189, 0.7474590539932251, 0.7468605637550354, 0.6994057893753052, 0.6920709609985352, 0.6757882237434387, 0.6766886711120605, 0.6539626121520996, 0.6430839896202087, 0.6321707963943481, 0.6249759197235107, 0.6156870126724243, 0.6136037111282349, 0.603593647480011, 0.6006479263305664, 0.5928735733032227, 0.5890952348709106, 0.5835365653038025, 0.5812805891036987, 0.5768112540245056, 0.5731022357940674, 0.5726892352104187, 0.5682273507118225, 0.5663160085678101, 0.5643202066421509, 0.5639048218727112, 0.5620779395103455, 0.5610432624816895, 0.560283362865448, 0.560362696647644, 0.561546266078949, 0.5618938207626343, 0.5604572296142578, 0.5712414979934692, 0.570081889629364, 0.572912335395813, 0.5754300951957703, 0.5797771215438843, 0.5794671773910522, 0.5850600600242615, 0.5896623730659485, 0.5942333340644836, 0.5954257845878601, 0.6002333164215088, 0.6085951924324036, 0.6081721782684326, 0.6114976406097412, 0.6135820746421814, 0.6226440072059631, 0.6297016739845276, 0.6297065019607544, 0.6334455013275146, 0.6358717679977417, 0.6381242275238037, 0.6386044025421143]}