{"train_losses": [2.0455880165100098, 1.7811096906661987, 1.699064016342163, 1.5889071226119995, 1.5205448865890503, 1.4339210987091064, 1.4300134181976318, 1.38174569606781, 1.3543331623077393, 1.3160803318023682, 1.2886927127838135, 1.260509729385376, 1.2380328178405762, 1.2146735191345215, 1.195378065109253, 1.1757943630218506, 1.1619129180908203, 1.1429088115692139, 1.129847764968872, 1.1131986379623413, 1.1026341915130615, 1.0874364376068115, 1.0784088373184204, 1.0644577741622925, 1.0561054944992065, 1.0431588888168335, 1.0334502458572388, 1.0217912197113037, 1.0129956007003784, 1.0024417638778687, 0.9952573776245117, 0.9842648506164551, 0.9777287840843201, 0.9672350883483887, 0.9589622020721436, 0.9498081207275391, 0.9437037706375122, 0.9335829019546509, 0.9298465251922607, 0.9190652966499329, 0.9150903224945068, 0.9040588736534119, 0.9026187658309937, 0.8895113468170166, 0.8950362205505371, 0.876200258731842, 0.880750834941864, 0.8649373650550842, 0.8702713847160339, 0.8532947301864624, 0.8547371625900269, 0.8427452445030212, 0.8403629064559937, 0.8302866816520691, 0.8278316855430603, 0.8169648051261902, 0.8138670921325684, 0.8056554794311523, 0.8039786219596863, 0.7916823625564575, 0.7891665101051331, 0.7815384864807129, 0.7814114689826965, 0.770819365978241, 0.7697714567184448, 0.7599488496780396, 0.7544009685516357, 0.7473077774047852], "test_losses": [1.5099332332611084, 1.4615408182144165, 1.3950653076171875, 1.357123613357544, 1.3376234769821167, 1.3080713748931885, 1.2559821605682373, 1.2309144735336304, 1.2071857452392578, 1.1856117248535156, 1.1648242473602295, 1.1482501029968262, 1.130632758140564, 1.1177207231521606, 1.1041909456253052, 1.0898622274398804, 1.075624942779541, 1.0651812553405762, 1.0527938604354858, 1.0428786277770996, 1.0319023132324219, 1.022598147392273, 1.0122979879379272, 1.0045634508132935, 0.9951599836349487, 0.9884239435195923, 0.9787507057189941, 0.9729923009872437, 0.9639763236045837, 0.958389937877655, 0.9513959884643555, 0.9461575746536255, 0.939106822013855, 0.9308846592903137, 0.9257717132568359, 0.9254436492919922, 0.9124646782875061, 0.9093934297561646, 0.9012247323989868, 0.906679093837738, 0.890722393989563, 0.8914531469345093, 0.8763608932495117, 0.8811674118041992, 0.8668043613433838, 0.8698753714561462, 0.8560693264007568, 0.8524081707000732, 0.843463659286499, 0.8398751020431519, 0.8318561315536499, 0.82961106300354, 0.8213446736335754, 0.8200567364692688, 0.8112760782241821, 0.8093303442001343, 0.8040307760238647, 0.8021577596664429, 0.7971566915512085, 0.7920029163360596, 0.7865472435951233, 0.786817193031311, 0.7738942503929138, 0.7745436429977417, 0.7663260698318481, 0.7683217525482178, 0.7586637735366821, 0.7583845853805542]}