{"train_losses": [2.888723134994507, 2.688962936401367, 2.603883981704712, 2.1081838607788086, 1.6112865209579468, 1.261064052581787, 1.1083335876464844, 0.922666609287262, 0.9641876816749573, 0.8453878164291382, 0.8198400735855103, 0.7373140454292297, 0.718288004398346, 0.6596812009811401, 0.6388859152793884, 0.5912823677062988, 0.5666731595993042, 0.5328012704849243, 0.506025493144989, 0.47633621096611023, 0.45564237236976624, 0.43176284432411194, 0.4112492799758911, 0.38864976167678833, 0.37199631333351135, 0.35345470905303955, 0.3346189260482788, 0.31811028718948364, 0.30429840087890625, 0.2867196798324585, 0.2722699046134949, 0.25892430543899536, 0.24574166536331177, 0.23552580177783966, 0.2240760326385498, 0.2097519338130951, 0.2036759853363037, 0.19402270019054413, 0.18500901758670807, 0.17674264311790466, 0.1683255434036255, 0.16180619597434998, 0.15391236543655396, 0.1470453292131424, 0.14036089181900024, 0.13588069379329681, 0.12845665216445923, 0.1236804872751236, 0.12043099850416183, 0.11444580554962158, 0.10902108252048492, 0.10606694966554642, 0.10385922342538834, 0.10060501843690872, 0.09497231245040894, 0.0947374776005745, 0.09025684744119644, 0.08601711690425873, 0.08240268379449844, 0.08045947551727295, 0.07831794023513794, 0.07787773758172989, 0.07317987084388733, 0.07284253090620041, 0.06971296668052673, 0.06820622086524963, 0.06327694654464722, 0.06470450758934021], "test_losses": [2.7152395248413086, 2.6384148597717285, 2.4160633087158203, 2.046084403991699, 1.4038522243499756, 1.3372660875320435, 1.0903315544128418, 1.015901803970337, 0.9380993843078613, 0.8858480453491211, 0.843538761138916, 0.8071146607398987, 0.768803596496582, 0.7400808334350586, 0.7121450901031494, 0.6883435249328613, 0.656699538230896, 0.6366719603538513, 0.6231752634048462, 0.602859616279602, 0.5780074596405029, 0.5637997984886169, 0.5584115386009216, 0.5440178513526917, 0.5330566763877869, 0.5227502584457397, 0.5170179605484009, 0.5118979215621948, 0.5042598247528076, 0.4978017508983612, 0.498401015996933, 0.4967131018638611, 0.4926362633705139, 0.48798662424087524, 0.4890802204608917, 0.4904605746269226, 0.4864966869354248, 0.4872587025165558, 0.48861849308013916, 0.48665130138397217, 0.4870891571044922, 0.4836117625236511, 0.48745858669281006, 0.4856109619140625, 0.4887438714504242, 0.4894508123397827, 0.48783230781555176, 0.49333709478378296, 0.49028220772743225, 0.493539959192276, 0.49800434708595276, 0.49878835678100586, 0.5017411708831787, 0.5030373930931091, 0.5085179805755615, 0.5018499493598938, 0.5072367787361145, 0.5054991245269775, 0.511764645576477, 0.5165625810623169, 0.5195433497428894, 0.5221842527389526, 0.5176454782485962, 0.5213971138000488, 0.5280707478523254, 0.5270029902458191, 0.5277385115623474, 0.5320965051651001]}