{"train_losses": [1.2091928720474243, 1.156382441520691, 1.1861807107925415, 1.146994948387146, 1.1501801013946533, 1.1321218013763428, 1.1263988018035889, 1.111336350440979, 1.1083074808120728, 1.0975898504257202, 1.0919629335403442, 1.082514762878418, 1.077864646911621, 1.0700948238372803, 1.067016839981079, 1.0585618019104004, 1.0544638633728027, 1.0494263172149658, 1.044958233833313, 1.03754460811615, 1.03421151638031, 1.0283496379852295, 1.0283973217010498, 1.0196378231048584, 1.0183923244476318, 1.0114343166351318, 1.013298749923706, 1.0030531883239746, 1.0033777952194214, 0.999330997467041, 0.9975645542144775, 0.9900966882705688, 0.989479660987854, 0.9837610721588135, 0.9852359294891357, 0.9750317335128784, 0.9824129939079285, 0.9689371585845947, 0.9792500734329224, 0.9641475081443787, 0.9734790921211243, 0.9615178108215332, 0.9664682149887085, 0.9568469524383545, 0.9589865803718567, 0.9516439437866211, 0.9528703689575195, 0.9468796253204346, 0.9469647407531738, 0.9422900080680847, 0.943044126033783, 0.937798798084259, 0.9374939799308777, 0.9352858066558838, 0.9321011900901794, 0.9285144209861755, 0.9267941117286682, 0.9245297908782959, 0.923095703125, 0.9205474257469177, 0.9194257855415344, 0.9175077080726624, 0.9158138036727905, 0.9124538898468018, 0.9112352132797241, 0.9095454216003418, 0.9077565670013428, 0.9064913988113403], "test_losses": [1.1558831930160522, 1.138452410697937, 1.1161669492721558, 1.10098135471344, 1.0850462913513184, 1.0763989686965942, 1.0672236680984497, 1.0634671449661255, 1.058278203010559, 1.0565773248672485, 1.0529028177261353, 1.0525963306427002, 1.0487143993377686, 1.050611138343811, 1.0475255250930786, 1.0497907400131226, 1.0456160306930542, 1.048614263534546, 1.042783260345459, 1.0486657619476318, 1.0412309169769287, 1.0480066537857056, 1.0426126718521118, 1.0465240478515625, 1.0373626947402954, 1.0410716533660889, 1.0408003330230713, 1.0462050437927246, 1.037503957748413, 1.0405871868133545, 1.039745569229126, 1.0496392250061035, 1.0401240587234497, 1.0455296039581299, 1.0436581373214722, 1.0594794750213623, 1.0434281826019287, 1.0525106191635132, 1.0484868288040161, 1.0560131072998047, 1.0515891313552856, 1.0504968166351318, 1.0509793758392334, 1.05471670627594, 1.0569976568222046, 1.054046869277954, 1.0558186769485474, 1.0623987913131714, 1.0620990991592407, 1.0625128746032715, 1.0631276369094849, 1.070104718208313, 1.0655829906463623, 1.068114161491394, 1.0701743364334106, 1.0750240087509155, 1.0724221467971802, 1.0727392435073853, 1.0728203058242798, 1.0820518732070923, 1.0782960653305054, 1.079349398612976, 1.0797622203826904, 1.0864814519882202, 1.0845295190811157, 1.0863044261932373, 1.086262583732605, 1.090947151184082]}