{"train_losses": [1.4031915664672852, 1.3183459043502808, 1.3099372386932373, 1.2870423793792725, 1.2698427438735962, 1.254821538925171, 1.2409238815307617, 1.2276628017425537, 1.220629096031189, 1.211784839630127, 1.2062252759933472, 1.1975840330123901, 1.191487193107605, 1.1843363046646118, 1.1772487163543701, 1.172617793083191, 1.1673145294189453, 1.1636601686477661, 1.1569525003433228, 1.152707576751709, 1.1486899852752686, 1.1454112529754639, 1.1412959098815918, 1.1377665996551514, 1.133906364440918, 1.1300302743911743, 1.1267062425613403, 1.1241194009780884, 1.1206636428833008, 1.1188856363296509, 1.1134856939315796, 1.1122138500213623, 1.1104633808135986, 1.107536792755127, 1.1064320802688599, 1.1018640995025635, 1.101170539855957, 1.0982165336608887, 1.0969377756118774, 1.0936461687088013, 1.0923775434494019, 1.0871776342391968, 1.0866763591766357, 1.0850197076797485, 1.0843867063522339, 1.082195520401001, 1.0803933143615723, 1.0779705047607422, 1.077169418334961, 1.074873924255371, 1.072473168373108, 1.0718094110488892, 1.0697128772735596, 1.067345142364502, 1.0668871402740479, 1.06570303440094, 1.0622851848602295, 1.0629850625991821, 1.0601462125778198, 1.0589815378189087, 1.0591388940811157, 1.056980013847351, 1.053925633430481, 1.0549287796020508, 1.0540353059768677, 1.0521509647369385, 1.0492976903915405, 1.0484635829925537], "test_losses": [1.2587065696716309, 1.1895750761032104, 1.1585183143615723, 1.1389408111572266, 1.1247068643569946, 1.114353895187378, 1.1070524454116821, 1.101364254951477, 1.096797227859497, 1.0927298069000244, 1.089098334312439, 1.0860347747802734, 1.0835115909576416, 1.0807055234909058, 1.0779767036437988, 1.0756827592849731, 1.0738866329193115, 1.0721548795700073, 1.0705792903900146, 1.0690850019454956, 1.0678237676620483, 1.0662858486175537, 1.0651105642318726, 1.0639747381210327, 1.0627588033676147, 1.0618895292282104, 1.0609405040740967, 1.0598945617675781, 1.0593096017837524, 1.058518886566162, 1.0574951171875, 1.0566407442092896, 1.0560284852981567, 1.0553052425384521, 1.054683804512024, 1.0540671348571777, 1.0531938076019287, 1.052659511566162, 1.0522586107254028, 1.0514932870864868, 1.0511728525161743, 1.0506411790847778, 1.050084114074707, 1.049695611000061, 1.0493570566177368, 1.048763394355774, 1.0483981370925903, 1.0480674505233765, 1.0476397275924683, 1.0473140478134155, 1.047072410583496, 1.046739101409912, 1.0462520122528076, 1.0460448265075684, 1.045557975769043, 1.0455317497253418, 1.04557204246521, 1.045181155204773, 1.0450716018676758, 1.0448843240737915, 1.0445834398269653, 1.044387698173523, 1.0444202423095703, 1.0441442728042603, 1.04402494430542, 1.0440106391906738, 1.043955683708191, 1.043568730354309]}