{
  "A1_B1": {
    "train_losses": [
      3.1350772380828857,
      2.89033579826355,
      2.9788455963134766,
      2.8194520473480225,
      2.8654847145080566,
      2.735511541366577,
      2.6145331859588623,
      2.235574245452881,
      2.0164804458618164,
      1.6353495121002197,
      1.6695647239685059,
      1.4778318405151367,
      1.5587102174758911,
      1.376204013824463,
      1.4005522727966309,
      1.2579580545425415,
      1.2969049215316772,
      1.1964080333709717,
      1.2116888761520386,
      1.1135705709457397,
      1.1043977737426758,
      1.0352197885513306,
      1.0148959159851074,
      0.9630743265151978,
      0.9328210949897766,
      0.8804499506950378,
      0.8560376167297363,
      0.8178144693374634,
      0.7931255102157593,
      0.7562281489372253,
      0.7336125373840332,
      0.699701189994812,
      0.684135913848877,
      0.655113697052002,
      0.6357108950614929,
      0.6045687198638916,
      0.5942841172218323,
      0.5664422512054443,
      0.5489981770515442,
      0.5330221652984619,
      0.521450400352478,
      0.5012157559394836,
      0.4793822467327118,
      0.4639630913734436,
      0.45318877696990967,
      0.4341040849685669,
      0.41883933544158936,
      0.4019862413406372,
      0.39217886328697205,
      0.3792046308517456,
      0.3662784695625305,
      0.35273608565330505,
      0.3426681160926819,
      0.3319208025932312,
      0.3211967945098877,
      0.3053027391433716,
      0.30452144145965576,
      0.2862260043621063,
      0.27694013714790344,
      0.2711189091205597,
      0.2579992115497589,
      0.2541029453277588,
      0.24403291940689087,
      0.2340095192193985,
      0.22673654556274414,
      0.22278821468353271,
      0.21709850430488586,
      0.2092016041278839
    ],
    "test_losses": [
      3.0111167430877686,
      3.1666994094848633,
      2.8933756351470947,
      2.836789846420288,
      2.7561676502227783,
      2.6660609245300293,
      2.580212116241455,
      2.3909754753112793,
      2.102677583694458,
      2.022095203399658,
      1.8326581716537476,
      1.8223400115966797,
      1.7055654525756836,
      1.7067333459854126,
      1.5987542867660522,
      1.5718271732330322,
      1.4938182830810547,
      1.5037928819656372,
      1.462662696838379,
      1.4186036586761475,
      1.3764171600341797,
      1.3600170612335205,
      1.3436741828918457,
      1.3090944290161133,
      1.2880041599273682,
      1.2763724327087402,
      1.2674145698547363,
      1.2592134475708008,
      1.2541016340255737,
      1.2368109226226807,
      1.2353684902191162,
      1.2191317081451416,
      1.219083309173584,
      1.2237972021102905,
      1.2165751457214355,
      1.2033905982971191,
      1.213402042388916,
      1.2066669464111328,
      1.2155265998840332,
      1.2040085887908936,
      1.211568841934204,
      1.2004908905029297,
      1.2102567777633667,
      1.2001308643341064,
      1.2100164985656738,
      1.2000090891647339,
      1.1981265449523926,
      1.2071616744995117,
      1.1952248764038086,
      1.2020839357376099,
      1.1920614897918701,
      1.1920579539871216,
      1.2019488488769531,
      1.2018380549621582,
      1.191222684173584,
      1.1909167489624023,
      1.200086069984436,
      1.1894862784194946,
      1.2070761178588867,
      1.1998098447036743,
      1.2067662454605103,
      1.1896095992660522,
      1.2015476072311401,
      1.192230595855713,
      1.200111813697815,
      1.188104236793518,
      1.189024936523438,
      1.1870188162612915
    ]
  },
  "A1_B0": {
    "train_losses": [
      3.013216495513916,
      2.847822666168213,
      3.007073402404785,
      2.7945327758789062,
      2.894728899002075,
      2.7143030166625977,
      2.6621956825256348,
      2.3846607208251953,
      2.3270838260650635,
      1.9465632438659668,
      1.9394917488098145,
      1.7552902698516846,
      1.8156745433807373,
      1.664659857749939,
      1.6712009906768799,
      1.565921664237976,
      1.5546910762786865,
      1.4645934104919434,
      1.4829511642456055,
      1.4070982933044434,
      1.4032673835754395,
      1.3395569324493408,
      1.3330045938491821,
      1.2812955379486084,
      1.268538475036621,
      1.223771333694458,
      1.2044780254364014,
      1.163240909576416,
      1.1460134983062744,
      1.1051146984100342,
      1.0846984386444092,
      1.0449137687683105,
      1.024159550666809,
      0.9826913475990295,
      0.9710907936096191,
      0.9231464862823486,
      0.9336568713188171,
      0.8800255656242371,
      0.8706724047660828,
      0.8112907409667969,
      0.8578187823295593,
      0.8052454590797424,
      0.7654654383659363,
      0.7134742140769958,
      0.7572189569473267,
      0.7121017575263977,
      0.6632297039031982,
      0.624402642250061,
      0.6530932784080505,
      0.6256715655326843,
      0.5724219679832458,
      0.5404543876647949,
      0.5654062032699585,
      0.5358280539512634,
      0.4929221272468567,
      0.4637923240661621,
      0.4831168055534363,
      0.4572906494140625,
      0.42172741889953613,
      0.4001089930534363,
      0.40623095631599426,
      0.38427841663360596,
      0.3550916314125061,
      0.3401927947998047,
      0.3305602967739105,
      0.31570568680763245,
      0.29730501770973206,
      0.28207844495773315
    ],
    "test_losses": [
      2.9592831134796143,
      3.0189037322998047,
      2.9118432998657227,
      2.9194421768188477,
      2.7878875732421875,
      2.6917355060577393,
      2.5577754974365234,
      2.473938226699829,
      2.225527286529541,
      2.0965676307678223,
      1.9951001405715942,
      1.909294605255127,
      1.8539702892303467,
      1.8040300607681274,
      1.747355580329895,
      1.7412588596343994,
      1.693261981010437,
      1.6703627109527588,
      1.6316803693771362,
      1.6397159099578857,
      1.6111735105514526,
      1.5958553552627563,
      1.585157036781311,
      1.5844757556915283,
      1.5703301429748535,
      1.5496007204055786,
      1.538163423538208,
      1.5422545671463013,
      1.5220668315887451,
      1.513433575630188,
      1.5165026187896729,
      1.5373446941375732,
      1.4951375722885132,
      1.489567756652832,
      1.5236667394638062,
      1.5647298097610474,
      1.4773330688476562,
      1.4715617895126343,
      1.5208423137664795,
      1.5524723529815674,
      1.459212303161621,
      1.4524062871932983,
      1.4816181659698486,
      1.5083802938461304,
      1.4463506937026978,
      1.4479225873947144,
      1.468611478805542,
      1.4723069667816162,
      1.4331073760986328,
      1.463627576828003,
      1.48215651512146,
      1.467393398284912,
      1.4471263885498047,
      1.4890244007110596,
      1.4863463640213013,
      1.4815731048583984,
      1.4744137525558472,
      1.5055128335952759,
      1.4903972148895264,
      1.499601125717163,
      1.50481379032135,
      1.5273096561431885,
      1.5258651971817017,
      1.5164684057235718,
      1.5370032787322998,
      1.5585895776748657,
      1.568976640701294,
      1.5777324438095093
    ]
  },