{"train_losses": [3.101665735244751, 2.848585367202759, 2.8027772903442383, 2.4977946281433105, 2.28943133354187, 1.471164345741272, 1.2410669326782227, 0.9124865531921387, 0.9217188954353333, 0.7908124923706055, 0.7691776156425476, 0.6780290603637695, 0.6428899168968201, 0.5783334374427795, 0.5525253415107727, 0.5045274496078491, 0.4744500517845154, 0.4399971663951874, 0.41244634985923767, 0.38454291224479675, 0.3637346029281616, 0.33810678124427795, 0.31836646795272827, 0.3001405596733093, 0.2852175235748291, 0.2663474678993225, 0.2516617774963379, 0.23522642254829407, 0.225009024143219, 0.2087526023387909, 0.19779133796691895, 0.18800173699855804, 0.1789821982383728, 0.1682676076889038, 0.15962807834148407, 0.149230495095253, 0.1421886682510376, 0.13511048257350922, 0.12906067073345184, 0.1221257820725441, 0.11767749488353729, 0.1109374463558197, 0.10798075795173645, 0.10274557769298553, 0.0964631736278534, 0.09422808885574341, 0.08982941508293152, 0.08384021371603012, 0.08348091691732407, 0.07914833724498749, 0.0750894844532013, 0.07151929289102554, 0.07107527554035187, 0.06887638568878174, 0.06578361243009567, 0.06308355182409286, 0.0621836856007576, 0.05960278585553169, 0.057405032217502594, 0.05742662027478218, 0.05483736842870712, 0.05387250334024429, 0.05166949704289436, 0.05157382786273956, 0.04790820926427841, 0.049791429191827774, 0.04475485160946846, 0.044602107256650925], "test_losses": [2.8557138442993164, 2.713167667388916, 2.5253002643585205, 2.3203136920928955, 1.881213665008545, 1.3580734729766846, 1.1588000059127808, 1.020828127861023, 0.9290065765380859, 0.8615265488624573, 0.7875139117240906, 0.7457094788551331, 0.7021191716194153, 0.6752200722694397, 0.642045259475708, 0.6160491108894348, 0.5968599915504456, 0.5809428691864014, 0.5590977072715759, 0.5411421060562134, 0.528815746307373, 0.5201871395111084, 0.5041999816894531, 0.49565786123275757, 0.4933185875415802, 0.4880072772502899, 0.48009347915649414, 0.4715080261230469, 0.4694618582725525, 0.46696534752845764, 0.4609610438346863, 0.46267545223236084, 0.4624948799610138, 0.4569472670555115, 0.4594275653362274, 0.4569541811943054, 0.4572823643684387, 0.4558204710483551, 0.4521615505218506, 0.4562581181526184, 0.4561993479728699, 0.45474812388420105, 0.46093934774398804, 0.46451765298843384, 0.4607497453689575, 0.46066462993621826, 0.46597719192504883, 0.46614569425582886, 0.46252042055130005, 0.4685075879096985, 0.4665517210960388, 0.46503549814224243, 0.468191921710968, 0.4752883017063141, 0.478266179561615, 0.47451701760292053, 0.4787808656692505, 0.4777291715145111, 0.47742539644241333, 0.4815780520439148, 0.4799807667732239, 0.4885605573654175, 0.4846431016921997, 0.4810029864311218, 0.4840674102306366, 0.489371657371521, 0.49177271127700806, 0.4874098300933838]}