{"train_losses": [3.389462471008301, 2.196319580078125, 3.3905560970306396, 2.7887942790985107, 2.9896674156188965, 2.575655460357666, 2.5950331687927246, 2.192075252532959, 1.8874454498291016, 1.4744892120361328, 1.3968669176101685, 1.150691270828247, 1.1234745979309082, 0.9906401038169861, 0.9605458378791809, 0.8603804111480713, 0.8303030133247375, 0.7540180087089539, 0.73451828956604, 0.6792129278182983, 0.6510637998580933, 0.6114481687545776, 0.5876007080078125, 0.5557432174682617, 0.5335455536842346, 0.5084298253059387, 0.4889427721500397, 0.46540069580078125, 0.45017683506011963, 0.42881590127944946, 0.4127652049064636, 0.3975151777267456, 0.38055527210235596, 0.365103542804718, 0.34988152980804443, 0.3346284329891205, 0.32311350107192993, 0.31292787194252014, 0.29927387833595276, 0.2906559705734253, 0.2783600389957428, 0.2661091089248657, 0.25809094309806824, 0.24644719064235687, 0.2342936098575592, 0.22578054666519165, 0.21758925914764404, 0.20827773213386536, 0.20064692199230194, 0.19223614037036896, 0.18490907549858093, 0.17997828125953674, 0.17242291569709778, 0.1624620407819748, 0.15671975910663605, 0.1497517079114914, 0.1430373638868332, 0.1384296715259552, 0.13099056482315063, 0.1271660029888153, 0.12092091143131256, 0.11674055457115173, 0.11332829296588898, 0.10654590278863907, 0.10087504982948303, 0.09860861301422119, 0.0948176309466362, 0.09158312529325485], "test_losses": [3.8585686683654785, 4.323801040649414, 3.300985097885132, 3.003338098526001, 2.7161478996276855, 2.470457077026367, 2.240888833999634, 1.9435756206512451, 1.6047999858856201, 1.4211355447769165, 1.2799427509307861, 1.1556695699691772, 1.0481204986572266, 0.9836940765380859, 0.9148744940757751, 0.8771243691444397, 0.8319566249847412, 0.8083572387695312, 0.7651140093803406, 0.7338190078735352, 0.7068744897842407, 0.6963790059089661, 0.6775449514389038, 0.6613472104072571, 0.6475286483764648, 0.6416895389556885, 0.6260749101638794, 0.6168263554573059, 0.6087732911109924, 0.6015158295631409, 0.5928677320480347, 0.5866773128509521, 0.5818690061569214, 0.5746169090270996, 0.5660940408706665, 0.5619545578956604, 0.5592413544654846, 0.5527945160865784, 0.5502936840057373, 0.5413024425506592, 0.5412912368774414, 0.5381706953048706, 0.533848226070404, 0.5314077734947205, 0.5285618305206299, 0.5257712602615356, 0.525922417640686, 0.5238451361656189, 0.5219971537590027, 0.5201224088668823, 0.5177478790283203, 0.5203564763069153, 0.5183218121528625, 0.5175621509552002, 0.5179036259651184, 0.5180956721305847, 0.51840740442276, 0.5165347456932068, 0.5189471244812012, 0.5203290581703186, 0.5180063247680664, 0.5216821432113647, 0.5195106267929077, 0.5214635729789734, 0.5246608853340149, 0.5248632431030273, 0.5287498235702515, 0.5298483371734619]}