{"train_losses": [1.3774511814117432, 1.183266520500183, 1.2637686729431152, 1.1840733289718628, 1.157597541809082, 1.1206306219100952, 1.0967592000961304, 1.0688668489456177, 1.0503813028335571, 1.0302635431289673, 1.0132672786712646, 0.9973658323287964, 0.9835709929466248, 0.968546986579895, 0.9577205181121826, 0.9468523263931274, 0.9348138570785522, 0.9240531921386719, 0.9158948063850403, 0.9057393074035645, 0.8992379903793335, 0.886052668094635, 0.8779053688049316, 0.8710508346557617, 0.8619195818901062, 0.8537228107452393, 0.8467082381248474, 0.8384361267089844, 0.8312863111495972, 0.8224165439605713, 0.813828706741333, 0.802794337272644, 0.7962459325790405, 0.7871719002723694, 0.7790082097053528, 0.7725807428359985, 0.7640236616134644, 0.7573261260986328, 0.7502610087394714, 0.7439168095588684, 0.7367995977401733, 0.7275131940841675, 0.721375048160553, 0.712445080280304, 0.7075215578079224, 0.7000765204429626, 0.6916800141334534, 0.6843386888504028, 0.6783165335655212, 0.6736316680908203, 0.6687426567077637, 0.6619811654090881, 0.658637523651123, 0.6496360898017883, 0.6460632085800171, 0.6404392719268799, 0.634803295135498, 0.6304520964622498, 0.6251099109649658, 0.6216480135917664, 0.6185758113861084, 0.6110748648643494, 0.6079024076461792, 0.6054676175117493, 0.5992512106895447, 0.5957953333854675, 0.5919560194015503, 0.5883150100708008], "test_losses": [1.3535122871398926, 1.215580701828003, 1.1436665058135986, 1.0944371223449707, 1.0580933094024658, 1.0319559574127197, 1.0129188299179077, 0.9964103698730469, 0.9844515323638916, 0.9738994836807251, 0.9656471610069275, 0.9584598541259766, 0.9521007537841797, 0.9458575248718262, 0.9408712387084961, 0.9366376996040344, 0.9322832822799683, 0.9288215637207031, 0.9261555075645447, 0.9217668175697327, 0.9199267625808716, 0.9171753525733948, 0.912859320640564, 0.9107334613800049, 0.9085869789123535, 0.9047167897224426, 0.9017198085784912, 0.9014827013015747, 0.8972597122192383, 0.8943966627120972, 0.8911809921264648, 0.8865332007408142, 0.884109377861023, 0.8802533149719238, 0.8779794573783875, 0.8798832893371582, 0.8759180903434753, 0.8728480935096741, 0.8720388412475586, 0.8719284534454346, 0.8710269927978516, 0.8693806529045105, 0.8685610890388489, 0.8665636777877808, 0.8634350895881653, 0.8634354472160339, 0.8616071939468384, 0.8611592054367065, 0.8638640642166138, 0.8633110523223877, 0.8631851673126221, 0.8672077655792236, 0.8669365644454956, 0.8688527345657349, 0.86711585521698, 0.8677706122398376, 0.8728373050689697, 0.8741662502288818, 0.8776850700378418, 0.8794377446174622, 0.8770330548286438, 0.8838480710983276, 0.8832873702049255, 0.8841391801834106, 0.8893579840660095, 0.8895573019981384, 0.8925220966339111, 0.8967350721359253]}