{"train_losses": [3.6432323455810547, 1.9005391597747803, 3.815764904022217, 3.1514639854431152, 3.271050453186035, 2.9868462085723877, 3.0835893154144287, 2.957160711288452, 2.951040506362915, 2.848480463027954, 2.818685531616211, 2.708037853240967, 2.638192892074585, 2.483433485031128, 2.3440475463867188, 2.1450626850128174, 2.069612979888916, 1.9102662801742554, 1.9233019351959229, 1.7964476346969604, 1.8189352750778198, 1.7228593826293945, 1.732313871383667, 1.606461524963379, 1.664065957069397, 1.5941658020019531, 1.6182899475097656, 1.5515544414520264, 1.5536426305770874, 1.491333246231079, 1.486821174621582, 1.4301519393920898, 1.4269617795944214, 1.3805915117263794, 1.386017084121704, 1.3193867206573486, 1.3402917385101318, 1.2682503461837769, 1.3290044069290161, 1.2351365089416504, 1.2996562719345093, 1.2379024028778076, 1.2553707361221313, 1.19761061668396, 1.2018507719039917, 1.1610565185546875, 1.1587014198303223, 1.1190218925476074, 1.1229451894760132, 1.0762507915496826, 1.089059829711914, 1.0477982759475708, 1.0440711975097656, 1.0096510648727417, 1.016535758972168, 0.9710129499435425, 0.9734392166137695, 0.9346190094947815, 0.9504238963127136, 0.8990671038627625, 0.9076790809631348, 0.8620151281356812, 0.8735132813453674, 0.829910397529602, 0.8333003520965576, 0.7877088785171509, 0.7986850738525391, 0.7612038850784302], "test_losses": [3.9177629947662354, 4.762670516967773, 3.9447124004364014, 3.5316216945648193, 3.1480422019958496, 2.998870849609375, 2.922048807144165, 2.8425211906433105, 2.781869411468506, 2.7262067794799805, 2.6642401218414307, 2.5835764408111572, 2.488027572631836, 2.3646631240844727, 2.2311289310455322, 2.167039394378662, 2.0764596462249756, 2.050631284713745, 1.997459053993225, 2.0332422256469727, 1.9194138050079346, 1.9345672130584717, 1.8940929174423218, 2.012845754623413, 1.8157835006713867, 1.810114860534668, 1.7875196933746338, 1.8146189451217651, 1.7587778568267822, 1.7448477745056152, 1.730638027191162, 1.7904349565505981, 1.6909770965576172, 1.7115100622177124, 1.7069344520568848, 1.8194435834884644, 1.663259506225586, 1.713976263999939, 1.6941903829574585, 1.7942521572113037, 1.6632050275802612, 1.642494559288025, 1.6528137922286987, 1.694837212562561, 1.6342837810516357, 1.627259373664856, 1.6201772689819336, 1.6518914699554443, 1.5892740488052368, 1.6087455749511719, 1.6057263612747192, 1.6367261409759521, 1.563435673713684, 1.5825495719909668, 1.5865905284881592, 1.6360595226287842, 1.5550336837768555, 1.5893197059631348, 1.5723788738250732, 1.6137346029281616, 1.552980899810791, 1.5884172916412354, 1.568390965461731, 1.5962692499160767, 1.5528926849365234, 1.585315465927124, 1.5620030164718628, 1.5820600986480713]}