{"train_losses": [3.013295888900757, 2.8563835620880127, 3.028848886489868, 2.860909938812256, 2.916842460632324, 2.765192985534668, 2.741119384765625, 2.554229259490967, 2.460649013519287, 2.150825023651123, 2.142123222351074, 1.9366387128829956, 2.0443568229675293, 1.9288561344146729, 1.9213367700576782, 1.8266475200653076, 1.841078519821167, 1.7616069316864014, 1.7440403699874878, 1.6598438024520874, 1.7072416543960571, 1.599503993988037, 1.6296974420547485, 1.5061278343200684, 1.6420623064041138, 1.5492671728134155, 1.5561672449111938, 1.4959065914154053, 1.5092263221740723, 1.4401222467422485, 1.4601126909255981, 1.4019770622253418, 1.404994249343872, 1.3577724695205688, 1.355870246887207, 1.303412914276123, 1.2984564304351807, 1.2420029640197754, 1.2605115175247192, 1.189262866973877, 1.1936984062194824, 1.1074697971343994, 1.1948566436767578, 1.1016260385513306, 1.1310490369796753, 1.0537543296813965, 1.108578085899353, 1.0269429683685303, 1.0148268938064575, 0.9552462100982666, 1.0018889904022217, 0.93680340051651, 0.9077737331390381, 0.8514996767044067, 0.9325156807899475, 0.8514385223388672, 0.8316308259963989, 0.772394061088562, 0.8326354026794434, 0.7731455564498901, 0.7338341474533081, 0.6860226988792419, 0.7430961728096008, 0.6843395233154297, 0.6591604351997375, 0.6113712191581726, 0.6670882105827332, 0.6097822189331055], "test_losses": [2.9732179641723633, 3.0340476036071777, 2.928187847137451, 2.9150876998901367, 2.8129162788391113, 2.725846290588379, 2.627481460571289, 2.5432016849517822, 2.339632987976074, 2.336204767227173, 2.178189516067505, 2.20217227935791, 2.0832266807556152, 2.054387092590332, 2.045346736907959, 2.036918878555298, 1.9573345184326172, 1.956754446029663, 1.9527878761291504, 1.9807066917419434, 1.8947651386260986, 1.972858190536499, 1.91653573513031, 2.007503032684326, 1.8848943710327148, 1.8935003280639648, 1.8416364192962646, 1.859813928604126, 1.8420541286468506, 1.8722583055496216, 1.8117916584014893, 1.8163464069366455, 1.789194941520691, 1.8196239471435547, 1.791904330253601, 1.7839343547821045, 1.7522844076156616, 1.8240238428115845, 1.793330430984497, 1.7773488759994507, 1.754728078842163, 1.9221659898757935, 1.8367722034454346, 1.7689518928527832, 1.750718593597412, 1.850462555885315, 1.7790770530700684, 1.7689093351364136, 1.7704700231552124, 1.8434675931930542, 1.7867164611816406, 1.7924392223358154, 1.784675121307373, 1.8310426473617554, 1.7683889865875244, 1.7823830842971802, 1.783014178276062, 1.8146567344665527, 1.7525805234909058, 1.7795829772949219, 1.7738324403762817, 1.8277013301849365, 1.7537453174591064, 1.7962838411331177, 1.7579925060272217, 1.8328074216842651, 1.778012990951538, 1.8055182695388794]}