{"train_losses": [3.1806938648223877, 2.911713123321533, 3.0172367095947266, 2.8752684593200684, 2.8933520317077637, 2.7724509239196777, 2.717482328414917, 2.4378042221069336, 2.2283847332000732, 1.8845996856689453, 1.88686203956604, 1.7007575035095215, 1.7972676753997803, 1.6090662479400635, 1.6462348699569702, 1.511297345161438, 1.561970591545105, 1.448900818824768, 1.4799675941467285, 1.360879898071289, 1.382818341255188, 1.291741132736206, 1.3189735412597656, 1.2322214841842651, 1.232344150543213, 1.1669131517410278, 1.1725339889526367, 1.1028856039047241, 1.0945920944213867, 1.0359596014022827, 1.0380327701568604, 0.9835050702095032, 0.9674899578094482, 0.9205480813980103, 0.9299787878990173, 0.873688817024231, 0.8739439845085144, 0.8217658996582031, 0.8636330366134644, 0.7946013808250427, 0.7916618585586548, 0.7403762340545654, 0.7553861141204834, 0.7151232361793518, 0.6953368186950684, 0.6630545258522034, 0.6636048555374146, 0.6390324831008911, 0.6082759499549866, 0.5861999988555908, 0.581046462059021, 0.5575345754623413, 0.536865234375, 0.5176035165786743, 0.5099347233772278, 0.4918572008609772, 0.4710983633995056, 0.45083123445510864, 0.44215038418769836, 0.4229859411716461, 0.4256700277328491, 0.39973241090774536, 0.3876391053199768, 0.36793947219848633, 0.351333349943161, 0.3417612612247467, 0.3292289972305298, 0.3179612159729004], "test_losses": [3.0521833896636963, 3.0900230407714844, 2.932133674621582, 2.862910509109497, 2.791527271270752, 2.7273945808410645, 2.622586250305176, 2.4898788928985596, 2.249847173690796, 2.300143241882324, 2.0687599182128906, 2.0560927391052246, 1.970665693283081, 2.0112900733947754, 1.8740158081054688, 1.8727396726608276, 1.7938872575759888, 1.8073654174804688, 1.7651106119155884, 1.7581384181976318, 1.6744930744171143, 1.6845753192901611, 1.6598517894744873, 1.6541979312896729, 1.586592674255371, 1.5812510251998901, 1.5642101764678955, 1.571382999420166, 1.5279794931411743, 1.5471051931381226, 1.5082919597625732, 1.515636920928955, 1.4864778518676758, 1.5521303415298462, 1.476217269897461, 1.498029112815857, 1.467440128326416, 1.5355446338653564, 1.471042513847351, 1.459517240524292, 1.433241605758667, 1.4906625747680664, 1.4546656608581543, 1.4442603588104248, 1.4285441637039185, 1.4688458442687988, 1.4439499378204346, 1.440574288368225, 1.4252362251281738, 1.4660530090332031, 1.4427170753479004, 1.4492777585983276, 1.4441020488739014, 1.4737128019332886, 1.4532445669174194, 1.4690935611724854, 1.4561522006988525, 1.4818171262741089, 1.4777741432189941, 1.4883747100830078, 1.4992973804473877, 1.4992364645004272, 1.485758900642395, 1.506514549255371, 1.5251240730285645, 1.527165174484253, 1.5218230485916138, 1.5471934080123901]}