{"train_losses": [2.9647457599639893, 2.6610770225524902, 2.9840927124023438, 2.7808470726013184, 2.823391914367676, 2.7419042587280273, 2.731635332107544, 2.6722264289855957, 2.6441659927368164, 2.5974793434143066, 2.57433819770813, 2.53865385055542, 2.5122299194335938, 2.4830315113067627, 2.461580753326416, 2.435324192047119, 2.4161720275878906, 2.3935720920562744, 2.3763580322265625, 2.3549697399139404, 2.3375279903411865, 2.317307949066162, 2.3003149032592773, 2.2826685905456543, 2.266113042831421, 2.2510101795196533, 2.2357559204101562, 2.220085620880127, 2.204460620880127, 2.1870312690734863, 2.1738650798797607, 2.1606853008270264, 2.1482086181640625, 2.1310677528381348, 2.1210196018218994, 2.106177568435669, 2.100588798522949, 2.081939220428467, 2.0724332332611084, 2.055861473083496, 2.0573172569274902, 2.0322279930114746, 2.034494638442993, 2.0138089656829834, 2.019303560256958, 1.9985004663467407, 1.9965364933013916, 1.9809553623199463, 1.974576711654663, 1.9592355489730835, 1.9564104080200195, 1.942999005317688, 1.9412765502929688, 1.92277193069458, 1.9250190258026123, 1.9118731021881104, 1.915964961051941, 1.8907978534698486, 1.8976672887802124, 1.881842017173767, 1.8958308696746826, 1.8630012273788452, 1.8831839561462402, 1.8593685626983643, 1.8666856288909912, 1.8427720069885254, 1.855661153793335, 1.8336856365203857], "test_losses": [3.265076160430908, 3.1892735958099365, 3.052419424057007, 2.988837480545044, 2.9164786338806152, 2.874974250793457, 2.832547187805176, 2.8069562911987305, 2.7769107818603516, 2.75059175491333, 2.7324461936950684, 2.715465784072876, 2.703763484954834, 2.6914563179016113, 2.677905559539795, 2.667910099029541, 2.6595535278320312, 2.6519830226898193, 2.6433892250061035, 2.637436866760254, 2.6321914196014404, 2.627739667892456, 2.622561454772949, 2.61708927154541, 2.614765167236328, 2.6103897094726562, 2.6074068546295166, 2.6022610664367676, 2.5986328125, 2.596280097961426, 2.59414005279541, 2.5925068855285645, 2.592161178588867, 2.590582847595215, 2.589015007019043, 2.590892791748047, 2.592231512069702, 2.5939981937408447, 2.5964698791503906, 2.5999019145965576, 2.596808910369873, 2.6011462211608887, 2.6091811656951904, 2.616973876953125, 2.6057753562927246, 2.6026289463043213, 2.6126112937927246, 2.6214094161987305, 2.607682228088379, 2.610626220703125, 2.623730421066284, 2.6399624347686768, 2.619049310684204, 2.629011631011963, 2.638467311859131, 2.6540982723236084, 2.63114070892334, 2.6435928344726562, 2.6473093032836914, 2.676514148712158, 2.645324230194092, 2.651268720626831, 2.6518845558166504, 2.681931734085083, 2.654649257659912, 2.6599597930908203, 2.661550521850586, 2.6913013458251953]}