{"train_losses": [2.7501072883605957, 2.5643811225891113, 2.827552556991577, 2.6308705806732178, 2.7621002197265625, 2.7089667320251465, 2.7110350131988525, 2.660799503326416, 2.6780951023101807, 2.6314964294433594, 2.6588387489318848, 2.620845317840576, 2.625899314880371, 2.5966572761535645, 2.603228807449341, 2.5795483589172363, 2.5799074172973633, 2.557955026626587, 2.5572056770324707, 2.5389633178710938, 2.5343589782714844, 2.515888214111328, 2.521699905395508, 2.4963529109954834, 2.505383253097534, 2.4767508506774902, 2.503617525100708, 2.4702768325805664, 2.4810173511505127, 2.4554786682128906, 2.4692349433898926, 2.4437596797943115, 2.4562439918518066, 2.4270756244659424, 2.4377026557922363, 2.413295269012451, 2.444033145904541, 2.406723976135254, 2.431450605392456, 2.4000542163848877, 2.4174699783325195, 2.3863418102264404, 2.410356283187866, 2.3805603981018066, 2.3929197788238525, 2.368114471435547, 2.3856759071350098, 2.359025478363037, 2.372288227081299, 2.3452723026275635, 2.371781349182129, 2.3371775150299072, 2.362208366394043, 2.3290529251098633, 2.362929344177246, 2.3272440433502197, 2.3495373725891113, 2.317347526550293, 2.3415098190307617, 2.3108696937561035, 2.331834316253662, 2.298999071121216, 2.3242225646972656, 2.294158458709717, 2.3159899711608887, 2.2832798957824707, 2.3098831176757812, 2.27944278717041], "test_losses": [3.0792412757873535, 3.294379472732544, 3.0546534061431885, 3.005298614501953, 2.9788739681243896, 2.9514431953430176, 2.932666301727295, 2.9373209476470947, 2.9063313007354736, 2.9069478511810303, 2.8981456756591797, 2.898176670074463, 2.8842272758483887, 2.8791346549987793, 2.8711228370666504, 2.870954990386963, 2.8612475395202637, 2.86177134513855, 2.85726261138916, 2.8694357872009277, 2.850977659225464, 2.8594846725463867, 2.8569676876068115, 2.8853938579559326, 2.851661443710327, 2.8594911098480225, 2.85545015335083, 2.8802459239959717, 2.849496841430664, 2.858030319213867, 2.856907844543457, 2.875844717025757, 2.84773325920105, 2.871811866760254, 2.8661718368530273, 2.8882832527160645, 2.851431131362915, 2.8665072917938232, 2.8671820163726807, 2.8846683502197266, 2.8531131744384766, 2.866773843765259, 2.8727078437805176, 2.883864402770996, 2.8561017513275146, 2.869791030883789, 2.866790771484375, 2.901480197906494, 2.8672423362731934, 2.8799660205841064, 2.867091655731201, 2.9027938842773438, 2.878464937210083, 2.890634298324585, 2.876847267150879, 2.892484188079834, 2.8687498569488525, 2.88751482963562, 2.879826784133911, 2.899416923522949, 2.8747799396514893, 2.8935322761535645, 2.8797435760498047, 2.90004825592041, 2.8805878162384033, 2.905397891998291, 2.8879992961883545, 2.902398109436035]}